"current_url","recommended_url","name","bundled_product_count","primary_keyword","secondary_keywords","intent","title","meta_description","h1","intro_copy","bottom_copy","faqs","internal_links","products_to_include","schema","decision"
"/shop/electronics-gadgets","/shop/electronics-gadgets","Electronics & Gadgets","23","gadgets Pakistan","useful gadgets Pakistan; electronics gadgets Pakistan; smart gadgets Pakistan","Transactional","Electronics & Gadgets in Pakistan | Mixenza","Browse electronics & gadgets at Mixenza. Compare current PKR prices, product details and available options before ordering.","Electronics & Gadgets in Pakistan","Browse useful electronics and gadgets for work, travel and everyday tasks. Compare products by their power source, size and intended use, then open each listing for the current PKR price.","Start with the task you want to solve. A portable fan, UV inspection light and desk accessory serve different needs, even when they appear in the same gadget collection. Check charging connections, dimensions and included accessories before ordering. Use the dedicated fan and money-detector collections for a closer comparison.","Are all gadgets rechargeable?~No. Power requirements vary by product; check the individual listing.|Are these smart-home devices?~Not necessarily. Only products with documented connectivity should be described as smart-home devices.","/shop/portable-fans; /shop/money-detectors; /shop/office-accessories","/product/pickora-1966895078; /product/pickora-1972612611; /product/pickora-1973011885","CollectionPage + BreadcrumbList; ItemList of visible products (semantic markup, not guaranteed rich result)","Keep as broad parent; move scalp massager to wellness."
"/shop/kitchenware","/shop/kitchenware","Kitchenware","19","kitchen gadgets Pakistan","kitchen accessories Pakistan; kitchen tools online Pakistan","Transactional","Kitchen Gadgets & Accessories in Pakistan | Mixenza","Browse kitchen gadgets & accessories at Mixenza. Compare current PKR prices, product details and available options before ordering.","Kitchen Gadgets & Accessories in Pakistan","Find practical kitchen tools for preparing ingredients, weighing portions and keeping the sink area organised. Browse current prices and check the size, material and care instructions on each product page.","Choose tools around your cooking habits. A chopper suits small preparation tasks, a scale helps with measured recipes, and a grinder needs the right ingredients and capacity. Compare each model rather than assuming all appliances handle wet and dry food. Look for removable parts, clear capacity information and storage dimensions.","Is a chopper the same as a grinder?~No. Choose according to the ingredients and functions documented for the model.|Are the tools dishwasher-safe?~Only use a dishwasher when the product instructions explicitly allow it.","/shop/cleaning-products; /shop/home-essentials; /shop/drinkware","/product/tos-8381139779745-mini-food-chopper; /product/tos-8381141581985-digital-kitchen-weight-scale-machine; /product/tos-8347140620449-electric-masala-grinder; /product/tos-8349003153569-silver-crest-4-in-1-hand-blender-set","CollectionPage + BreadcrumbList; ItemList of visible products (semantic markup, not guaranteed rich result)","Retain kitchenware URL; change navigation label to Kitchen Gadgets & Accessories."
"/shop/portable-fans","/shop/portable-fans","Portable Fans","2","portable fan price in Pakistan","rechargeable hand fan Pakistan; USB mini fan; charging wala pankha","Transactional","Portable & Rechargeable Fans in Pakistan | Mixenza","Browse portable & rechargeable fans at Mixenza. Compare current PKR prices, product details and available options before ordering.","Portable & Rechargeable Fans in Pakistan","Compare portable hand fans for a desk, daily travel or a personal breeze at home. Review charging connections, speed controls and the current price of each model before choosing.","A compact hand fan provides personal airflow; it is not a replacement for a room fan or air conditioner. Battery capacity alone does not establish runtime, because speed and use affect power consumption. Prefer listings with measured runtime by speed, charging instructions and dimensions. Ask for any missing information before ordering.","How long will a rechargeable fan run?~Runtime depends on the model, speed and battery condition; a tested figure is needed for each product.|Can it run while charging?~Check that model’s instructions; rechargeable does not automatically mean use-while-charging is supported.","/shop/electronics-gadgets; /shop/home-essentials","/product/pickora-1965017109; /product/pickora-1966895078","CollectionPage + BreadcrumbList; ItemList of visible products (semantic markup, not guaranteed rich result)","Keep two-product collection; distinct comparison value matters more than an arbitrary SKU count."
"/shop/money-detectors","/shop/money-detectors","Money Detectors","2","money detector price in Pakistan","UV money detector Pakistan; fake note detector pen; note check karne wali light","Transactional","UV Money Detectors in Pakistan | Mixenza","Browse uv money detectors at Mixenza. Compare current PKR prices, product details and available options before ordering.","UV Money Detectors in Pakistan","Compare handheld UV money detectors and pen-style inspection tools for cash-handling tasks. Check the listed wavelength, power source and format to choose a tool that fits your counter or pocket.","Choose an inspection tool according to how you handle cash. A pocket-sized pen is convenient to carry; a rechargeable handheld unit has different handling and charging needs. These listings are inspection aids, not a guarantee that a banknote is genuine. Learn the applicable note’s security features from the State Bank of Pakistan and avoid relying on a single check.","Does a UV detector count notes?~No. The inspected listings are UV tools, not automatic cash-counting machines.|Will it prove a note is genuine?~Do not rely on one UV check; consult the issuer’s complete security-feature guidance.","/shop/electronics-gadgets; /shop/office-accessories","/product/pickora-1972612611; /product/pickora-1963263814; /product/tos-8690169249953-portable-led-uv-lamp-purple-light-flashlight-money-detector","CollectionPage + BreadcrumbList; ItemList of visible products (semantic markup, not guaranteed rich result)","Reassign UV flashlight from General; do not create cash-counter product pages without stock."
"/shop/health-beauty","/shop/health-beauty","Health & Beauty","18","personal care products Pakistan","beauty tools Pakistan; grooming accessories Pakistan","Transactional","Personal Care & Beauty Tools in Pakistan | Mixenza","Browse personal care & beauty tools at Mixenza. Compare current PKR prices, product details and available options before ordering.","Personal Care & Beauty Tools in Pakistan","Browse personal-care and beauty tools for everyday grooming. Compare the intended use, included accessories and care instructions before selecting a product.","Keep grooming needs separate from medical treatment. Hair tools, trimmers and personal-care accessories need clear instructions and realistic descriptions. Check power requirements, cleaning methods and the actual contents of the box. For wellness devices, follow the manufacturer’s limitations and seek professional advice for symptoms rather than treating a product listing as medical guidance.","Do all beauty tools include a warranty?~Warranty coverage must be stated for the exact product; a category label is not a guarantee.|How do I clean a grooming tool?~Follow the model’s cleaning instructions and do not immerse powered parts unless explicitly permitted.","/shop/hair-care; /shop/wellness","/product/tos-8347529511073-new-2-in-1-flawless-eyebrow-trimmer; /product/tos-8595513901217-best-sell-mini-hair-curler-fluffy-splint-flat-iron-curling; /product/pickora-1970697444","CollectionPage + BreadcrumbList; ItemList of visible products (semantic markup, not guaranteed rich result)","Parent for personal-care tools; avoid implying a broad skincare/cosmetics range."
"/shop/hair-care","/shop/hair-care","Hair Care","1","hair care tools Pakistan","mist spray hair brush; hair straightener Pakistan; detangling brush","Transactional","Hair Brushes & Styling Tools in Pakistan | Mixenza","Browse hair brushes & styling tools at Mixenza. Compare current PKR prices, product details and available options before ordering.","Hair Brushes & Styling Tools in Pakistan","Compare brushes and styling tools by the task you need: detangling, brushing or heat styling. Check product dimensions, power requirements and cleaning instructions before ordering.","The current dedicated collection is small, while other hair products sit in General or Health & Beauty. Move suitable products here before expanding the page. A mist brush and a heated straightener are not interchangeable; use separate filters and explain their different purposes. Only claim temperature control, coatings or wet-hair compatibility when the exact model supports it.","Is a mist brush a hair straightener?~No. Misting and brushing should not be presented as heat straightening.|Can heated tools be used on wet hair?~Follow the exact model instructions; do not infer wet-hair suitability from a generic title.","/shop/health-beauty; /shop/wellness","/product/pickora-1970697444; /product/tos-8657545724065-hair-straightener-and-curler-multifunctional-2-in-1-flat-iron; /product/tos-8595513901217-best-sell-mini-hair-curler-fluffy-splint-flat-iron-curling; /product/tos-8386916876449-wireless-hair-heat-comb","CollectionPage + BreadcrumbList; ItemList of visible products (semantic markup, not guaranteed rich result)","Retain path; reclassify suitable inventory before increasing search priority."
"/shop/cleaning-products","/shop/cleaning-products","Cleaning Products","9","cleaning products Pakistan","spray mop Pakistan; household cleaning tools; mini mop","Transactional","Cleaning Tools for Homes in Pakistan | Mixenza","Browse cleaning tools for homes at Mixenza. Compare current PKR prices, product details and available options before ordering.","Cleaning Tools for Homes in Pakistan","Find mops, brushes and practical tools for everyday cleaning. Compare the surfaces each product is intended for, its dimensions and the current PKR price.","Match the tool to the job and your floor manufacturer’s care instructions. Spray mops suit controlled application of liquid, while small mops and brushes are useful for narrower areas. Check pad replacement, handle length and storage needs. This collection focuses on tools; it should not imply that Mixenza stocks disinfectants or specialist chemicals unless those products are actually available.","Can every mop be used on wooden floors?~No. Follow the floor manufacturer’s moisture guidance and the mop instructions.|Are replacement pads included?~Package contents vary; check the exact listing.","/shop/kitchenware; /shop/home-essentials","/product/tos-8317065298081-water-spray-mop; /product/tos-8317064577185-easy-mop-steel-strainer-with-mop-stick; /product/tos-8381138927777-portable-handfree-mini-mop; /product/tos-8595515179169-kitchen-cleaning-brush-long-handle-compact-dish-bowl-scrubber","CollectionPage + BreadcrumbList; ItemList of visible products (semantic markup, not guaranteed rich result)","Move dish brush from General and cleaning sponges from Kitchenware where appropriate."
"/shop/home-essentials","/shop/home-essentials","Home Essentials","1","home essentials Pakistan","household products Pakistan; home gadgets Pakistan; useful home products","Transactional","Useful Home Essentials in Pakistan | Mixenza","Browse useful home essentials at Mixenza. Compare current PKR prices, product details and available options before ordering.","Useful Home Essentials in Pakistan","Browse useful products for everyday household tasks, from dispensing water to organising smaller spaces. Open the product details to check dimensions, compatibility and current availability.","Plan around the problem you need to solve. A bottle pump must fit your bottle, an organiser must fit the space, and a child-safety lock needs the correct mounting surface. Use the related kitchen, cleaning and organising collections for more focused choices. Current delivery and return terms should be checked before placing an order.","Will a water pump fit any bottle?~Do not assume universal fit; confirm the bottle-neck dimensions and supplied adapter.|Are all household items suitable for outdoors?~Only products with documented outdoor suitability should be used that way.","/shop/kitchenware; /shop/cleaning-products; /shop/organizers; /shop/home-lifestyle","/product/pickora-1971400774; /product/tos-8555030773921-child-safety-locks-home-refrigerator-lock; /product/tos-8657896243361-liner-shelf-drawer-liner-cabinet-mat-decorative-film-refrigerator","CollectionPage + BreadcrumbList; ItemList of visible products (semantic markup, not guaranteed rich result)","Expand with functional household products; keep decor in Home & Lifestyle to reduce overlap."
"/shop/home-lifestyle","/shop/home-lifestyle","Home & Lifestyle","19","home decor accessories Pakistan","wall stickers Pakistan; night light Pakistan","Transactional","Home Decor & Lifestyle Accessories in Pakistan | Mixenza","Browse home decor & lifestyle accessories at Mixenza. Compare current PKR prices, product details and available options before ordering.","Home Decor & Lifestyle Accessories in Pakistan","Explore decorative home accessories, lights and wall finishes. Check the product size, fitting method and finish before choosing an item for your room.","Measure the space first and compare the listed dimensions with your furniture or wall. For adhesive products, check surface compatibility and removal instructions; do not assume they leave no marks. Lamps need clearly stated power and indoor/outdoor suitability. Keep functional cleaning and kitchen tools in their own collections so this page has a clear decorative focus.","Are wall stickers safe for every paint finish?~No. Check the instructions and test a small area first.|Do lamps come with a power adapter?~Check the package contents for that model.","/shop/home-essentials; /shop/organizers","/product/tos-8349904699553-3d-brick-wall-sticker-sheet-70cm-x-77cm; /product/tos-8349028712609-starfish-projector-lamp; /product/tos-8554960715937-led-night-lights-games-brownstone-torch-lamp","CollectionPage + BreadcrumbList; ItemList of visible products (semantic markup, not guaranteed rich result)","Keep path with distinct decor intent; do not blanket-merge into Home Essentials."
"/shop/wellness","/shop/wellness","Wellness","1","massage tools Pakistan","massage gun price in Pakistan; foot roller massager","Transactional","Massage & Wellness Tools in Pakistan | Mixenza","Browse massage & wellness tools at Mixenza. Compare current PKR prices, product details and available options before ordering.","Massage & Wellness Tools in Pakistan","Compare massage and wellness tools by their controls, attachments and intended use. Read the model instructions and limitations before choosing a device.","A handheld massage gun and a foot roller work differently and need different handling. Check the included attachments, power source, grip and care instructions. Comfort products should not be advertised as a cure for pain or a replacement for assessment. Ask a qualified professional whether use is appropriate if you have an injury or health concern.","Does a massage gun replace professional treatment?~No. Product information should not be used as a diagnosis or treatment plan.|Does 5-in-1 mean five heads?~Not necessarily. Confirm the actual package contents; the audited description lists four interchangeable heads.","/shop/health-beauty; /shop/electronics-gadgets","/product/pickora-1973702573; /product/tos-8396207653025-foot-roller-massager; /product/tos-8690110267553-portable-protable-knee-massager-for-joint-and-muscle-relaxation-elbow-shoulder-massage-machine; /product/tos-8690103025825-for-mini-for-smart-scalp-massager-with-red-light","CollectionPage + BreadcrumbList; ItemList of visible products (semantic markup, not guaranteed rich result)","Retain wellness path; move massagers here; verify safety and specs."
"/shop/organizers","/shop/organizers","Organizers","4","home organizers Pakistan","travel organizer Pakistan; storage accessories Pakistan","Transactional","Home & Travel Organizers in Pakistan | Mixenza","Browse home & travel organizers at Mixenza. Compare current PKR prices, product details and available options before ordering.","Home & Travel Organizers in Pakistan","Browse storage and travel organisers for keeping everyday items together. Compare dimensions and compartment layouts with the space or luggage you plan to use.","An organiser is useful only if it fits. Measure shelf depth, drawer height or suitcase dimensions before ordering. Check whether hanging hardware is supplied and whether the product folds when not in use. Avoid unverified load-bearing claims and show photographs with scale and clearly labelled measurements.","Will an organiser fit in cabin luggage?~Compare its packed dimensions with your bag; airline allowances and bags vary.|Is hanging hardware included?~Check the package-contents list.","/shop/home-essentials; /shop/home-lifestyle","/product/tos-8513553629345-3-layer-travel-organizer","CollectionPage + BreadcrumbList; ItemList of visible products (semantic markup, not guaranteed rich result)","Keep path; enrich four existing products with dimensions."
"/shop/drinkware","/shop/drinkware","Drinkware","1","tumbler Pakistan","40oz tumbler Pakistan; insulated tumbler price","Transactional","Tumblers & Drinkware in Pakistan | Mixenza","Browse tumblers & drinkware at Mixenza. Compare current PKR prices, product details and available options before ordering.","Tumblers & Drinkware in Pakistan","Explore drinkware by capacity, lid style and portability. Check the measurements, care instructions and current price before selecting a tumbler.","Capacity labels need care: the audited tumbler is described as both 40oz and 1200ml, which are approximate rather than exactly identical. Confirm the measured capacity and state the unit clearly. Claims about leak resistance, insulation duration, food-contact materials and dishwasher use need product-specific support.","Is every tumbler leakproof?~No. A secure lid does not establish leakproof performance.|How long does it keep drinks cold?~Publish a duration only after model-specific documentation or a controlled test.","/shop/kitchenware; /shop/home-essentials","/product/pickora-1971845697","CollectionPage + BreadcrumbList; ItemList of visible products (semantic markup, not guaranteed rich result)","Keep only if useful dedicated browsing; do not create another duplicate budget collection."
"/shop/office-accessories","/shop/office-accessories","Office Accessories","1","desk accessories Pakistan","keyboard shortcut mat; desk mat 80 x 30cm","Transactional","Desk & Office Accessories in Pakistan | Mixenza","Browse desk & office accessories at Mixenza. Compare current PKR prices, product details and available options before ordering.","Desk & Office Accessories in Pakistan","Find practical desk accessories for a more organised workspace. Check the size and product details to choose an item that fits your setup.","For a desk mat, measure available width and depth around your keyboard and mouse. Shortcut legends can vary by operating system and software version, so show a readable image of the print. Avoid claiming compatibility with every application or a keyboard shortcut set that is not actually printed.","Will the mat fit a small desk?~Compare the stated 80 x 30cm dimensions with the usable desk area.|Are all printed shortcuts universal?~No. Check the print against your software and operating system.","/shop/electronics-gadgets; /shop/money-detectors","/product/pickora-1973011885","CollectionPage + BreadcrumbList; ItemList of visible products (semantic markup, not guaranteed rich result)","Keep low priority until range expands; no invented electronics inventory."
"/shop/general","/shop/general","General","20","none","none","Transactional","Everyday Products Awaiting Classification | Mixenza","Noindex taxonomy bucket; no SEO metadata needed.","Everyday Products Awaiting Classification","This is an internal classification bucket, not a search landing page.","Assign each product to a meaningful shopping category before publishing collection copy. Preserve individual product URLs while moving category relationships.","Should this collection be promoted?~No. Reclassify inventory first.","/shop/home-essentials","/product/tos-8690169249953-portable-led-uv-lamp-purple-light-flashlight-money-detector","None needed for index eligibility","Noindex while clearing backlog; retire collection after review."
"/shop/shop","/shop/shop","Shop","87","none","none","Transactional","Products Awaiting Classification | Mixenza","Noindex taxonomy bucket; no SEO metadata needed.","Products Awaiting Classification","Use /shop as the main all-products directory; /shop/shop is a separate classification bucket.","Do not give both pages identical commercial targeting. Reclassify the 87 bundled records before retiring the bucket. If it then becomes an exact all-products duplicate, a 301 to /shop is appropriate; otherwise noindex until mapping is complete.","Should /shop/shop rank separately?~No. It does not have distinct useful category intent.","/shop/home-essentials","/product/tos-8317065298081-water-spray-mop","None needed for index eligibility","Noindex bucket, retain /shop as indexable browse page."
