"url","sample_html_depth","category","scope"
"/product/pickora-1970697444","2","Hair Care","Partial server-HTML crawl; rendered/complete crawl and backend reconciliation required"
"/product/pickora-1971400774","2","Home Essentials","Partial server-HTML crawl; rendered/complete crawl and backend reconciliation required"
"/product/pickora-1971845697","2","Drinkware","Partial server-HTML crawl; rendered/complete crawl and backend reconciliation required"
"/product/pickora-1972612611","2","Money Detectors","Partial server-HTML crawl; rendered/complete crawl and backend reconciliation required"
"/product/pickora-1973011885","2","Office Accessories","Partial server-HTML crawl; rendered/complete crawl and backend reconciliation required"
"/product/pickora-1973702573","2","Wellness","Partial server-HTML crawl; rendered/complete crawl and backend reconciliation required"
"/product/pickora-1963263814","2","Money Detectors","Partial server-HTML crawl; rendered/complete crawl and backend reconciliation required"
"/product/pickora-1965017109","2","Portable Fans","Partial server-HTML crawl; rendered/complete crawl and backend reconciliation required"
"/product/pickora-1966895078","2","Portable Fans","Partial server-HTML crawl; rendered/complete crawl and backend reconciliation required"
"/product/tos-8718446526625-portable-mini-mosquito-killer-lamp-uv-light-mosquito-repellent-device","3","General","Partial server-HTML crawl; rendered/complete crawl and backend reconciliation required"
"/product/tos-8707516006561-single-nima-grinder","3","General","Partial server-HTML crawl; rendered/complete crawl and backend reconciliation required"
"/product/tos-8699738390689-rotating-fingertip-ball-fidget-spinner-stress-relief-toy","3","General","Partial server-HTML crawl; rendered/complete crawl and backend reconciliation required"
"/product/tos-8697414418593-black-white-head-remover-with-vacuum","3","General","Partial server-HTML crawl; rendered/complete crawl and backend reconciliation required"
"/product/tos-8690169249953-portable-led-uv-lamp-purple-light-flashlight-money-detector","3","General","Partial server-HTML crawl; rendered/complete crawl and backend reconciliation required"
"/product/tos-8690137366689-disposable-breathable-socks-compression-summer-medium-sleeve-short","3","General","Partial server-HTML crawl; rendered/complete crawl and backend reconciliation required"
"/product/tos-8690110267553-portable-protable-knee-massager-for-joint-and-muscle-relaxation-elbow-shoulder-massage-machine","3","General","Partial server-HTML crawl; rendered/complete crawl and backend reconciliation required"
"/product/tos-8690103025825-for-mini-for-smart-scalp-massager-with-red-light","3","Electronics & Gadgets","Partial server-HTML crawl; rendered/complete crawl and backend reconciliation required"
"/product/tos-8690098208929-posture-corrector-back-brace-adjustable-straightener-for-neck-and-upper-back-pain-relief-9-reviews","3","General","Partial server-HTML crawl; rendered/complete crawl and backend reconciliation required"
"/product/tos-8657959452833-car-washing-gun-single-battery","3","General","Partial server-HTML crawl; rendered/complete crawl and backend reconciliation required"
"/product/tos-8657921736865-wet-wipes-hand-mouth-cleaning-portable-withdrawable-8-pieces","3","General","Partial server-HTML crawl; rendered/complete crawl and backend reconciliation required"
"/product/tos-8657896243361-liner-shelf-drawer-liner-cabinet-mat-decorative-film-refrigerator","3","General","Partial server-HTML crawl; rendered/complete crawl and backend reconciliation required"
"/product/tos-8657545724065-hair-straightener-and-curler-multifunctional-2-in-1-flat-iron","3","General","Partial server-HTML crawl; rendered/complete crawl and backend reconciliation required"
"/product/tos-8595515179169-kitchen-cleaning-brush-long-handle-compact-dish-bowl-scrubber","3","General","Partial server-HTML crawl; rendered/complete crawl and backend reconciliation required"
"/product/tos-8595513901217-best-sell-mini-hair-curler-fluffy-splint-flat-iron-curling","3","General","Partial server-HTML crawl; rendered/complete crawl and backend reconciliation required"
"/product/tos-8555030773921-child-safety-locks-home-refrigerator-lock","3","General","Partial server-HTML crawl; rendered/complete crawl and backend reconciliation required"
"/product/tos-8554960715937-led-night-lights-games-brownstone-torch-lamp","3","Home & Lifestyle","Partial server-HTML crawl; rendered/complete crawl and backend reconciliation required"
"/product/tos-8546176401569-1pcs-silicone-kitchen-sink-water-splash-guard","3","Cleaning Products","Partial server-HTML crawl; rendered/complete crawl and backend reconciliation required"
"/product/tos-8519911375009-1pc-sewing-iron-anti-scalding-pad-iron","3","General","Partial server-HTML crawl; rendered/complete crawl and backend reconciliation required"
"/product/tos-8517950931105-smart-2200w-single-burner","3","General","Partial server-HTML crawl; rendered/complete crawl and backend reconciliation required"
"/product/tos-8513553629345-3-layer-travel-organizer","3","General","Partial server-HTML crawl; rendered/complete crawl and backend reconciliation required"
"/product/tos-8510404886689-updated-electric-rechargeable-blackhead-removal-with-3-level-suction-4-professional-care-heads-pore-cleaner-machine","3","General","Partial server-HTML crawl; rendered/complete crawl and backend reconciliation required"
"/product/tos-8479612829857-pack-of-10-replacement-zipper-head-tool-free-removable-zipper-puller","3","General","Partial server-HTML crawl; rendered/complete crawl and backend reconciliation required"
"/product/tos-8396207653025-foot-roller-massager","3","Health & Beauty","Partial server-HTML crawl; rendered/complete crawl and backend reconciliation required"
"/product/tos-8391726760097-ultrasonic-mosquito-repellent-light","3","Home & Lifestyle","Partial server-HTML crawl; rendered/complete crawl and backend reconciliation required"
"/product/tos-8391725613217-mine-craft-lantern","3","Home & Lifestyle","Partial server-HTML crawl; rendered/complete crawl and backend reconciliation required"
"/product/tos-8386916876449-wireless-hair-heat-comb","3","Health & Beauty","Partial server-HTML crawl; rendered/complete crawl and backend reconciliation required"
"/product/tos-8381141581985-digital-kitchen-weight-scale-machine","3","Kitchenware","Partial server-HTML crawl; rendered/complete crawl and backend reconciliation required"
"/product/tos-8381141188769-dice-table-alarm-clock","3","Home & Lifestyle","Partial server-HTML crawl; rendered/complete crawl and backend reconciliation required"
"/product/tos-8381140861089-new-foldable-uv-light-mosquito-killer-racket-lamp","3","Home & Lifestyle","Partial server-HTML crawl; rendered/complete crawl and backend reconciliation required"
"/product/tos-8381139779745-mini-food-chopper","3","Kitchenware","Partial server-HTML crawl; rendered/complete crawl and backend reconciliation required"
"/product/tos-8381139550369-10-layers-cleaning-sponge","3","Kitchenware","Partial server-HTML crawl; rendered/complete crawl and backend reconciliation required"
"/product/tos-8381138927777-portable-handfree-mini-mop","3","Cleaning Products","Partial server-HTML crawl; rendered/complete crawl and backend reconciliation required"
"/product/tos-8381138272417-hand-scrubbing-dish-washing-gloves-random-colours","3","Kitchenware","Partial server-HTML crawl; rendered/complete crawl and backend reconciliation required"
"/product/tos-8381136797857-blaire-hair-filler-cream-powder","3","Health & Beauty","Partial server-HTML crawl; rendered/complete crawl and backend reconciliation required"
"/product/tos-8349920788641-professional-counter-hand-gripper","3","Health & Beauty","Partial server-HTML crawl; rendered/complete crawl and backend reconciliation required"
"/product/tos-8349904699553-3d-brick-wall-sticker-sheet-70cm-x-77cm","3","Home & Lifestyle","Partial server-HTML crawl; rendered/complete crawl and backend reconciliation required"
"/product/tos-8349117481121-kids-writing-pad-with-pencil-box","3","Home & Lifestyle","Partial server-HTML crawl; rendered/complete crawl and backend reconciliation required"
"/product/tos-8349083336865-massage-belt-fitness-machine","3","Health & Beauty","Partial server-HTML crawl; rendered/complete crawl and backend reconciliation required"
"/product/tos-8349051453601-guasha-massage-device-hijama-cupping","3","Health & Beauty","Partial server-HTML crawl; rendered/complete crawl and backend reconciliation required"
"/product/tos-8349028712609-starfish-projector-lamp","3","Home & Lifestyle","Partial server-HTML crawl; rendered/complete crawl and backend reconciliation required"
"/product/tos-8349003153569-silver-crest-4-in-1-hand-blender-set","3","Kitchenware","Partial server-HTML crawl; rendered/complete crawl and backend reconciliation required"
"/product/tos-8347529511073-new-2-in-1-flawless-eyebrow-trimmer","3","Health & Beauty","Partial server-HTML crawl; rendered/complete crawl and backend reconciliation required"
"/product/tos-8347153006753-pak-of-10-double-sided-male-female-hooks","3","Home & Lifestyle","Partial server-HTML crawl; rendered/complete crawl and backend reconciliation required"
"/product/tos-8347145371809-ultraviolet-mosquito-killer-lamp-usb-night-light-led","3","Home & Lifestyle","Partial server-HTML crawl; rendered/complete crawl and backend reconciliation required"
"/product/tos-8347140620449-electric-masala-grinder","3","Home & Lifestyle","Partial server-HTML crawl; rendered/complete crawl and backend reconciliation required"
"/product/tos-8347136393377-rechargeable-lint-remover","3","Home & Lifestyle","Partial server-HTML crawl; rendered/complete crawl and backend reconciliation required"
"/product/tos-8347135803553-foam-button-shape-brick-wall-sticker-sheet","3","Home & Lifestyle","Partial server-HTML crawl; rendered/complete crawl and backend reconciliation required"
"/product/tos-8347133280417-white-brick-with-golden-spot","3","Home & Lifestyle","Partial server-HTML crawl; rendered/complete crawl and backend reconciliation required"
"/product/tos-8346314965153-the-stanley-x-love-shack-fancy-quencher-with-gift-box","3","Home & Lifestyle","Partial server-HTML crawl; rendered/complete crawl and backend reconciliation required"
"/product/tos-8346309820577-stanley-flow-state-tumbler-1-8l-with-premium-box","3","Home & Lifestyle","Partial server-HTML crawl; rendered/complete crawl and backend reconciliation required"
"/product/tos-8340924629153-new-stainless-steel-vacuum-travel-mug-with-handle","3","Home & Lifestyle","Partial server-HTML crawl; rendered/complete crawl and backend reconciliation required"
"/product/tos-8317668688033-2-in-1-bug-racket-and-mosquito-killing-lamp","2","Shop","Partial server-HTML crawl; rendered/complete crawl and backend reconciliation required"
"/product/tos-8317668556961-t9-professional-shaver-and-trimmer","2","Shop","Partial server-HTML crawl; rendered/complete crawl and backend reconciliation required"
"/product/tos-8317668360353-sensor-bulb-holder","2","Electronics & Gadgets","Partial server-HTML crawl; rendered/complete crawl and backend reconciliation required"
"/product/tos-8317666885793-scalp-massager-shampoo-brush","2","Health & Beauty","Partial server-HTML crawl; rendered/complete crawl and backend reconciliation required"
"/product/tos-8317666623649-massage-shampoo-brush","2","Shop","Partial server-HTML crawl; rendered/complete crawl and backend reconciliation required"
"/product/tos-8317666066593-double-waffle-maker","2","Electronics & Gadgets","Partial server-HTML crawl; rendered/complete crawl and backend reconciliation required"
"/product/tos-8317665280161-foldable-steamer-iron","2","Home & Lifestyle","Partial server-HTML crawl; rendered/complete crawl and backend reconciliation required"
"/product/tos-8317664559265-silicone-phone-holder-both-sides-suction-cups","2","Shop","Partial server-HTML crawl; rendered/complete crawl and backend reconciliation required"
"/product/tos-8317664297121-2-in-1-big-oil-jug","2","Shop","Partial server-HTML crawl; rendered/complete crawl and backend reconciliation required"
"/product/tos-8317664002209-moisturizing-spa-gel-socks-pair","2","Shop","Partial server-HTML crawl; rendered/complete crawl and backend reconciliation required"
"/product/tos-8317663969441-retractable-automatic-clothesline","2","Shop","Partial server-HTML crawl; rendered/complete crawl and backend reconciliation required"
"/product/tos-8317663903905-reusable-laundry-lint-remover","2","Shop","Partial server-HTML crawl; rendered/complete crawl and backend reconciliation required"
"/product/tos-8317660889249-smart-warming-belt","2","Shop","Partial server-HTML crawl; rendered/complete crawl and backend reconciliation required"
"/product/tos-8317660790945-retractable-water-pump-dispenser","2","Shop","Partial server-HTML crawl; rendered/complete crawl and backend reconciliation required"
"/product/tos-8317660594337-silicone-pot-holder","2","Shop","Partial server-HTML crawl; rendered/complete crawl and backend reconciliation required"
"/product/tos-8317660364961-small-water-purifier-tap","3","Shop","Partial server-HTML crawl; rendered/complete crawl and backend reconciliation required"
"/product/tos-8317660233889-nima-double-cup","3","Shop","Partial server-HTML crawl; rendered/complete crawl and backend reconciliation required"
"/product/tos-8317660201121-rechargeable-lighter","3","Shop","Partial server-HTML crawl; rendered/complete crawl and backend reconciliation required"
"/product/tos-8317660102817-pack-of-10-anti-collision-strips","3","Shop","Partial server-HTML crawl; rendered/complete crawl and backend reconciliation required"
"/product/tos-8317660037281-magic-water-book","3","Shop","Partial server-HTML crawl; rendered/complete crawl and backend reconciliation required"
"/product/tos-8317659906209-yes-trimmer","3","Health & Beauty","Partial server-HTML crawl; rendered/complete crawl and backend reconciliation required"
"/product/tos-8317658595489-car-shade-umbrella","3","Electronics & Gadgets","Partial server-HTML crawl; rendered/complete crawl and backend reconciliation required"
"/product/tos-8317658333345-telescopic-indoor-clothesline","3","Shop","Partial server-HTML crawl; rendered/complete crawl and backend reconciliation required"
"/product/tos-8317658267809-waterproof-mobile-cover","3","Shop","Partial server-HTML crawl; rendered/complete crawl and backend reconciliation required"
"/product/tos-8317657841825-12-pcs-washing-machine-cleaning-tablet","3","Cleaning Products","Partial server-HTML crawl; rendered/complete crawl and backend reconciliation required"
"/product/tos-8317657743521-long-handle-bath-sponge-and-brush","3","Kitchenware","Partial server-HTML crawl; rendered/complete crawl and backend reconciliation required"
"/product/tos-8317656498337-round-silicone-roti-mat","3","Shop","Partial server-HTML crawl; rendered/complete crawl and backend reconciliation required"
"/product/tos-8317656400033-car-cleaning-woolen-glove","3","Shop","Partial server-HTML crawl; rendered/complete crawl and backend reconciliation required"
"/product/tos-8317655482529-magnetic-rechargeable-sealer","3","Shop","Partial server-HTML crawl; rendered/complete crawl and backend reconciliation required"
"/product/tos-8317566877857-double-nano-mist-fan","3","Electronics & Gadgets","Partial server-HTML crawl; rendered/complete crawl and backend reconciliation required"
"/product/tos-8317566746785-round-shape-fan-with-rgb-led","3","Electronics & Gadgets","Partial server-HTML crawl; rendered/complete crawl and backend reconciliation required"
"/product/tos-8317565763745-electric-thermal-head-spa-cap","3","Health & Beauty","Partial server-HTML crawl; rendered/complete crawl and backend reconciliation required"
"/product/tos-8317564747937-pack-of-10-toothbrush-head-covers","3","Shop","Partial server-HTML crawl; rendered/complete crawl and backend reconciliation required"
"/product/tos-8317564649633-909-hair-straightener-brush","3","Health & Beauty","Partial server-HTML crawl; rendered/complete crawl and backend reconciliation required"
"/product/tos-8317564518561-modern-cosmetics-organizer-large","3","Organizers","Partial server-HTML crawl; rendered/complete crawl and backend reconciliation required"
"/product/tos-8317564354721-net-basket-for-vegetable","3","Organizers","Partial server-HTML crawl; rendered/complete crawl and backend reconciliation required"
"/product/tos-8317564289185-electric-baby-nail-trimmer","3","Shop","Partial server-HTML crawl; rendered/complete crawl and backend reconciliation required"
"/product/tos-8317564092577-non-stick-waffle-maker","3","Electronics & Gadgets","Partial server-HTML crawl; rendered/complete crawl and backend reconciliation required"
"/product/tos-8317563895969-5-in-1-styler","3","Health & Beauty","Partial server-HTML crawl; rendered/complete crawl and backend reconciliation required"
"/product/tos-8317563764897-high-bouncing-moon-balls","3","Shop","Partial server-HTML crawl; rendered/complete crawl and backend reconciliation required"
"/product/tos-8317562945697-golden-wall-clock","Not discovered in sampled HTML graph; not proof of orphan","Shop","Partial server-HTML crawl; rendered/complete crawl and backend reconciliation required"
"/product/tos-8317561340065-roman-wall-clock-silver","Not discovered in sampled HTML graph; not proof of orphan","Shop","Partial server-HTML crawl; rendered/complete crawl and backend reconciliation required"
"/product/tos-8317561176225-1905-wall-clock","Not discovered in sampled HTML graph; not proof of orphan","Shop","Partial server-HTML crawl; rendered/complete crawl and backend reconciliation required"
"/product/tos-8317413556385-silicone-spoon-jar-set","Not discovered in sampled HTML graph; not proof of orphan","Shop","Partial server-HTML crawl; rendered/complete crawl and backend reconciliation required"
"/product/tos-8317413458081-multi-purpose-silver-foamic-sheet","Not discovered in sampled HTML graph; not proof of orphan","Shop","Partial server-HTML crawl; rendered/complete crawl and backend reconciliation required"
"/product/tos-8317413064865-sink-drain-cleaning-brush","Not discovered in sampled HTML graph; not proof of orphan","Shop","Partial server-HTML crawl; rendered/complete crawl and backend reconciliation required"
"/product/tos-8317412180129-portable-mini-steam-iron","3","Electronics & Gadgets","Partial server-HTML crawl; rendered/complete crawl and backend reconciliation required"
"/product/tos-8317411950753-foot-massager","Not discovered in sampled HTML graph; not proof of orphan","Shop","Partial server-HTML crawl; rendered/complete crawl and backend reconciliation required"
"/product/tos-8317411885217-small-desktop-mop","Not discovered in sampled HTML graph; not proof of orphan","Shop","Partial server-HTML crawl; rendered/complete crawl and backend reconciliation required"
"/product/tos-8317411852449-one-step-hair-straightener","3","Health & Beauty","Partial server-HTML crawl; rendered/complete crawl and backend reconciliation required"
"/product/tos-8317337796769-self-stirring-mug","Not discovered in sampled HTML graph; not proof of orphan","Shop","Partial server-HTML crawl; rendered/complete crawl and backend reconciliation required"
"/product/tos-8317337731233-crystal-diamond-strong-sticker","Not discovered in sampled HTML graph; not proof of orphan","Shop","Partial server-HTML crawl; rendered/complete crawl and backend reconciliation required"
"/product/tos-8317337698465-diaper-shopper-bag","Not discovered in sampled HTML graph; not proof of orphan","Shop","Partial server-HTML crawl; rendered/complete crawl and backend reconciliation required"
"/product/tos-8317337665697-transparent-screw-hook","Not discovered in sampled HTML graph; not proof of orphan","Shop","Partial server-HTML crawl; rendered/complete crawl and backend reconciliation required"
"/product/tos-8317337567393-stainless-steel-deep-fryer-pot","Not discovered in sampled HTML graph; not proof of orphan","Shop","Partial server-HTML crawl; rendered/complete crawl and backend reconciliation required"
"/product/tos-8317337370785-umbrella-food-cover","Not discovered in sampled HTML graph; not proof of orphan","Shop","Partial server-HTML crawl; rendered/complete crawl and backend reconciliation required"
"/product/tos-8317335732385-bike-protection-mask","Not discovered in sampled HTML graph; not proof of orphan","Shop","Partial server-HTML crawl; rendered/complete crawl and backend reconciliation required"
"/product/tos-8317334585505-baby-finger-toothbrush","Not discovered in sampled HTML graph; not proof of orphan","Shop","Partial server-HTML crawl; rendered/complete crawl and backend reconciliation required"
"/product/tos-8317334519969-double-electric-stove","3","Electronics & Gadgets","Partial server-HTML crawl; rendered/complete crawl and backend reconciliation required"
"/product/tos-8317334159521-single-electric-stove","Not discovered in sampled HTML graph; not proof of orphan","Shop","Partial server-HTML crawl; rendered/complete crawl and backend reconciliation required"
"/product/tos-8317334126753-super-hand-mixer","Not discovered in sampled HTML graph; not proof of orphan","Shop","Partial server-HTML crawl; rendered/complete crawl and backend reconciliation required"
"/product/tos-8317334093985-folding-electric-kettle","3","Kitchenware","Partial server-HTML crawl; rendered/complete crawl and backend reconciliation required"
"/product/tos-8317334028449-mop-with-long-handle","3","Cleaning Products","Partial server-HTML crawl; rendered/complete crawl and backend reconciliation required"
"/product/tos-8317333897377-led-ceiling-fan-light","3","Electronics & Gadgets","Partial server-HTML crawl; rendered/complete crawl and backend reconciliation required"
"/product/tos-8317331832993-500ml-oil-bottle","3","Kitchenware","Partial server-HTML crawl; rendered/complete crawl and backend reconciliation required"
"/product/tos-8317331800225-10-inch-mini-cooling-fan","3","Electronics & Gadgets","Partial server-HTML crawl; rendered/complete crawl and backend reconciliation required"
"/product/tos-8317331734689-bladeless-neck-fan","3","Electronics & Gadgets","Partial server-HTML crawl; rendered/complete crawl and backend reconciliation required"
"/product/tos-8317326557345-double-head-dumpling-maker-stand","3","Electronics & Gadgets","Partial server-HTML crawl; rendered/complete crawl and backend reconciliation required"
"/product/tos-8317326524577-globe-shape-fan","3","Electronics & Gadgets","Partial server-HTML crawl; rendered/complete crawl and backend reconciliation required"
"/product/tos-8317326426273-portable-smoke-remover-ashtray","3","Electronics & Gadgets","Partial server-HTML crawl; rendered/complete crawl and backend reconciliation required"
"/product/tos-8317326360737-makeup-brush-cleaner","Not discovered in sampled HTML graph; not proof of orphan","Shop","Partial server-HTML crawl; rendered/complete crawl and backend reconciliation required"
"/product/tos-8317326295201-plastic-dumpling-maker","3","Kitchenware","Partial server-HTML crawl; rendered/complete crawl and backend reconciliation required"
"/product/tos-8317326196897-plastic-mouse-trap","Not discovered in sampled HTML graph; not proof of orphan","Shop","Partial server-HTML crawl; rendered/complete crawl and backend reconciliation required"
"/product/tos-8317326065825-100ml-oil-spray-bottle-minimum-order-quantity-1-carton100-130","Not discovered in sampled HTML graph; not proof of orphan","Shop","Partial server-HTML crawl; rendered/complete crawl and backend reconciliation required"
"/product/tos-8317326000289-manual-plastic-dumpling-mold","3","Kitchenware","Partial server-HTML crawl; rendered/complete crawl and backend reconciliation required"
"/product/tos-8317325934753-silicone-shoe-cover","Not discovered in sampled HTML graph; not proof of orphan","Shop","Partial server-HTML crawl; rendered/complete crawl and backend reconciliation required"
"/product/tos-8317325803681-disposable-compressed-bath-towel","Not discovered in sampled HTML graph; not proof of orphan","Shop","Partial server-HTML crawl; rendered/complete crawl and backend reconciliation required"
"/product/tos-8317325050017-hh-030-leaf-wallpaper-sticker","Not discovered in sampled HTML graph; not proof of orphan","Shop","Partial server-HTML crawl; rendered/complete crawl and backend reconciliation required"
"/product/tos-8317324984481-easy-spin-mop-with-plastic-stainer","3","Cleaning Products","Partial server-HTML crawl; rendered/complete crawl and backend reconciliation required"
"/product/tos-8317324918945-stainless-steel-spoon-with-straw","Not discovered in sampled HTML graph; not proof of orphan","Shop","Partial server-HTML crawl; rendered/complete crawl and backend reconciliation required"
"/product/tos-8317324820641-qy-6001-pain-relief-massager","3","Health & Beauty","Partial server-HTML crawl; rendered/complete crawl and backend reconciliation required"
"/product/tos-8317324099745-sunflower-mop-with-long-stick","Not discovered in sampled HTML graph; not proof of orphan","Shop","Partial server-HTML crawl; rendered/complete crawl and backend reconciliation required"
"/product/tos-8317324066977-magic-hose-water-spray-pipe-50ft","3","Cleaning Products","Partial server-HTML crawl; rendered/complete crawl and backend reconciliation required"
"/product/tos-8317323739297-mirror-wall-sticker-minimum-order-quantity-1-carton500-pcs","Not discovered in sampled HTML graph; not proof of orphan","Shop","Partial server-HTML crawl; rendered/complete crawl and backend reconciliation required"
"/product/tos-8317323640993-plastic-6-wall-hooks-hanger","Not discovered in sampled HTML graph; not proof of orphan","Shop","Partial server-HTML crawl; rendered/complete crawl and backend reconciliation required"
"/product/tos-8317321609377-ld-1006-jewelry-box","Not discovered in sampled HTML graph; not proof of orphan","Shop","Partial server-HTML crawl; rendered/complete crawl and backend reconciliation required"
"/product/tos-8317321412769-self-adhesive-single-hook","Not discovered in sampled HTML graph; not proof of orphan","Shop","Partial server-HTML crawl; rendered/complete crawl and backend reconciliation required"
"/product/tos-8317321314465-6-blades-portable-juicer-bottle","3","Kitchenware","Partial server-HTML crawl; rendered/complete crawl and backend reconciliation required"
"/product/tos-8317320396961-hand-gripper-exerciser","3","Electronics & Gadgets","Partial server-HTML crawl; rendered/complete crawl and backend reconciliation required"
"/product/tos-8317318758561-handy-stitch-machine","3","Electronics & Gadgets","Partial server-HTML crawl; rendered/complete crawl and backend reconciliation required"
"/product/tos-8317318693025-drs-50-050mm-derma-roller","3","Health & Beauty","Partial server-HTML crawl; rendered/complete crawl and backend reconciliation required"
"/product/tos-8317318594721-2-in-1-flawless-hair-remover","3","Health & Beauty","Partial server-HTML crawl; rendered/complete crawl and backend reconciliation required"
"/product/tos-8317318463649-plastic-door-handle-lock","Not discovered in sampled HTML graph; not proof of orphan","Shop","Partial server-HTML crawl; rendered/complete crawl and backend reconciliation required"
"/product/tos-8317318398113-wireless-lamp","3","Home & Lifestyle","Partial server-HTML crawl; rendered/complete crawl and backend reconciliation required"
"/product/tos-8317317546145-self-adhesive-stainless-steel-wall-hooks","Not discovered in sampled HTML graph; not proof of orphan","Shop","Partial server-HTML crawl; rendered/complete crawl and backend reconciliation required"
"/product/tos-8317317513377-wireless-vacuum-cleaner-big","3","Cleaning Products","Partial server-HTML crawl; rendered/complete crawl and backend reconciliation required"
"/product/tos-8317317447841-elephant-sofa-yellow","Not discovered in sampled HTML graph; not proof of orphan","Shop","Partial server-HTML crawl; rendered/complete crawl and backend reconciliation required"
"/product/tos-8317316661409-elephant-sofa-grey","Not discovered in sampled HTML graph; not proof of orphan","Shop","Partial server-HTML crawl; rendered/complete crawl and backend reconciliation required"
"/product/tos-8317316497569-set-of-3-wire-brush","Not discovered in sampled HTML graph; not proof of orphan","Shop","Partial server-HTML crawl; rendered/complete crawl and backend reconciliation required"
"/product/tos-8317316366497-honey-jar-dispenser","Not discovered in sampled HTML graph; not proof of orphan","Shop","Partial server-HTML crawl; rendered/complete crawl and backend reconciliation required"
"/product/tos-8317160587425-mini-ultrasonic-washing-machine","3","Electronics & Gadgets","Partial server-HTML crawl; rendered/complete crawl and backend reconciliation required"
"/product/tos-8317160554657-mosquito-killer-lamp","Not discovered in sampled HTML graph; not proof of orphan","Shop","Partial server-HTML crawl; rendered/complete crawl and backend reconciliation required"
"/product/tos-8317160456353-folding-cup-pack-of-2","Not discovered in sampled HTML graph; not proof of orphan","Shop","Partial server-HTML crawl; rendered/complete crawl and backend reconciliation required"
"/product/tos-8317160358049-baby-banana-tooth-brush","Not discovered in sampled HTML graph; not proof of orphan","Shop","Partial server-HTML crawl; rendered/complete crawl and backend reconciliation required"
"/product/tos-8317159866529-5-in-1-mop-holder","3","Kitchenware","Partial server-HTML crawl; rendered/complete crawl and backend reconciliation required"
"/product/tos-8317159768225-earth-lamp","3","Electronics & Gadgets","Partial server-HTML crawl; rendered/complete crawl and backend reconciliation required"
"/product/tos-8317159604385-toothpaste-squeezer","Not discovered in sampled HTML graph; not proof of orphan","Shop","Partial server-HTML crawl; rendered/complete crawl and backend reconciliation required"
"/product/tos-8317159538849-4-pcs-fridge-mats","3","Kitchenware","Partial server-HTML crawl; rendered/complete crawl and backend reconciliation required"
"/product/tos-8317159473313-air-cooler-pro","3","Electronics & Gadgets","Partial server-HTML crawl; rendered/complete crawl and backend reconciliation required"
"/product/tos-8317159440545-crystal-round-lamp","3","Electronics & Gadgets","Partial server-HTML crawl; rendered/complete crawl and backend reconciliation required"
"/product/tos-8317151248545-4-pcs-table-corner-set-minimum-order-quantity-1-carton1000","Not discovered in sampled HTML graph; not proof of orphan","Shop","Partial server-HTML crawl; rendered/complete crawl and backend reconciliation required"
"/product/tos-8317151183009-aluminum-waterproof-tape","Not discovered in sampled HTML graph; not proof of orphan","Shop","Partial server-HTML crawl; rendered/complete crawl and backend reconciliation required"
"/product/tos-8317135519905-broom-holder-clips","3","Kitchenware","Partial server-HTML crawl; rendered/complete crawl and backend reconciliation required"
"/product/tos-8317135192225-metal-titch-button-machine-with-50-buttons","3","Electronics & Gadgets","Partial server-HTML crawl; rendered/complete crawl and backend reconciliation required"
"/product/tos-8317134504097-feeding-spoon-bottle","Not discovered in sampled HTML graph; not proof of orphan","Shop","Partial server-HTML crawl; rendered/complete crawl and backend reconciliation required"
"/product/tos-8317134274721-ice-crusher-white","Not discovered in sampled HTML graph; not proof of orphan","Shop","Partial server-HTML crawl; rendered/complete crawl and backend reconciliation required"
"/product/tos-8317134012577-360-rotating-makeup-organizer-white","3","Organizers","Partial server-HTML crawl; rendered/complete crawl and backend reconciliation required"
"/product/tos-8317133127841-wax-machine-3-in-1","Not discovered in sampled HTML graph; not proof of orphan","Shop","Partial server-HTML crawl; rendered/complete crawl and backend reconciliation required"
"/product/tos-8317132734625-belly-plate","Not discovered in sampled HTML graph; not proof of orphan","Shop","Partial server-HTML crawl; rendered/complete crawl and backend reconciliation required"
"/product/tos-8317132570785-3-tier-mini-chocolate-fountain","3","Kitchenware","Partial server-HTML crawl; rendered/complete crawl and backend reconciliation required"
"/product/tos-8317132275873-ice-crusher","Not discovered in sampled HTML graph; not proof of orphan","Shop","Partial server-HTML crawl; rendered/complete crawl and backend reconciliation required"
"/product/tos-8317132112033-mosquito-repellent-watch-for-kids","Not discovered in sampled HTML graph; not proof of orphan","Shop","Partial server-HTML crawl; rendered/complete crawl and backend reconciliation required"
"/product/tos-8317125099681-triangle-mop","Not discovered in sampled HTML graph; not proof of orphan","Shop","Partial server-HTML crawl; rendered/complete crawl and backend reconciliation required"
"/product/tos-8317124935841-spin-mop-refill","Not discovered in sampled HTML graph; not proof of orphan","Shop","Partial server-HTML crawl; rendered/complete crawl and backend reconciliation required"
"/product/tos-8317124673697-resistant-band-set","Not discovered in sampled HTML graph; not proof of orphan","Shop","Partial server-HTML crawl; rendered/complete crawl and backend reconciliation required"
"/product/tos-8317124378785-white-marble-sheet","Not discovered in sampled HTML graph; not proof of orphan","Shop","Partial server-HTML crawl; rendered/complete crawl and backend reconciliation required"
"/product/tos-8317124280481-black-marble-sheet","3","Kitchenware","Partial server-HTML crawl; rendered/complete crawl and backend reconciliation required"
"/product/tos-8317123100833-golden-foil-sheet-40cm-x-200cm","3","Kitchenware","Partial server-HTML crawl; rendered/complete crawl and backend reconciliation required"
"/product/tos-8317122150561-silver-foil-sheet-40cm-x-200","Not discovered in sampled HTML graph; not proof of orphan","Shop","Partial server-HTML crawl; rendered/complete crawl and backend reconciliation required"
"/product/tos-8317091152033-butterfly-shape-shoe-insole","3","Health & Beauty","Partial server-HTML crawl; rendered/complete crawl and backend reconciliation required"
"/product/tos-8317090201761-flawless-hair-remover-rechargeable","3","Health & Beauty","Partial server-HTML crawl; rendered/complete crawl and backend reconciliation required"
"/product/tos-8317075423393-power-push-up-board","3","Electronics & Gadgets","Partial server-HTML crawl; rendered/complete crawl and backend reconciliation required"
"/product/tos-8317075325089-mini-facial-massage-gun","Not discovered in sampled HTML graph; not proof of orphan","Shop","Partial server-HTML crawl; rendered/complete crawl and backend reconciliation required"
"/product/tos-8317075292321-360-rotating-makeup-organizer","3","Organizers","Partial server-HTML crawl; rendered/complete crawl and backend reconciliation required"
"/product/tos-8317075194017-plastic-clothesline-5-meter","Not discovered in sampled HTML graph; not proof of orphan","Shop","Partial server-HTML crawl; rendered/complete crawl and backend reconciliation required"
"/product/tos-8317074964641-twist-mop","Not discovered in sampled HTML graph; not proof of orphan","Shop","Partial server-HTML crawl; rendered/complete crawl and backend reconciliation required"
"/product/tos-8317074931873-3d-glowing-star-stickers","Not discovered in sampled HTML graph; not proof of orphan","Shop","Partial server-HTML crawl; rendered/complete crawl and backend reconciliation required"
"/product/tos-8317069885601-v-comb-anti-lice","Not discovered in sampled HTML graph; not proof of orphan","Shop","Partial server-HTML crawl; rendered/complete crawl and backend reconciliation required"
"/product/tos-8317069361313-silicone-full-socks","Not discovered in sampled HTML graph; not proof of orphan","Shop","Partial server-HTML crawl; rendered/complete crawl and backend reconciliation required"
"/product/tos-8317069295777-silicone-gel-heel-pad-socks","Not discovered in sampled HTML graph; not proof of orphan","Shop","Partial server-HTML crawl; rendered/complete crawl and backend reconciliation required"
"/product/tos-8317069263009-fruit-pacifier","Not discovered in sampled HTML graph; not proof of orphan","Shop","Partial server-HTML crawl; rendered/complete crawl and backend reconciliation required"
"/product/tos-8317065920673-manual-water-pump","3","Kitchenware","Partial server-HTML crawl; rendered/complete crawl and backend reconciliation required"
"/product/tos-8317065822369-automatic-water-dispenser-machine","3","Kitchenware","Partial server-HTML crawl; rendered/complete crawl and backend reconciliation required"
"/product/tos-8317065691297-touch-me-toothpaste-dispenser","Not discovered in sampled HTML graph; not proof of orphan","Shop","Partial server-HTML crawl; rendered/complete crawl and backend reconciliation required"
"/product/tos-8317065298081-water-spray-mop","3","Cleaning Products","Partial server-HTML crawl; rendered/complete crawl and backend reconciliation required"
"/product/tos-8317064577185-easy-mop-steel-strainer-with-mop-stick","3","Cleaning Products","Partial server-HTML crawl; rendered/complete crawl and backend reconciliation required"
"/product/tos-8316393521313-1922-m-golden-wall-clock","Not discovered in sampled HTML graph; not proof of orphan","Shop","Partial server-HTML crawl; rendered/complete crawl and backend reconciliation required"
